"page","clicks","impressions","ctr","position"
"https://www.stockflowsystems.com/","408","6408","6,37%","9,73"
"https://www.stockflowsystems.com/best-free-inventory-software-with-barcode-scanning","346","77468","0,45%","11,27"
"https://www.stockflowsystems.com/bill-of-materials-software-free","126","69034","0,18%","13,97"
"https://www.stockflowsystems.com/what-is-the-best-free-inventory-management-software","51","35457","0,14%","30,04"
"https://www.stockflowsystems.com/barcode-inventory-system","19","3925","0,48%","44,86"
"https://www.stockflowsystems.com/business-inventory-app","18","12074","0,15%","35,76"
"https://www.stockflowsystems.com/best-online-inventory-software","10","18717","0,05%","52,05"
"https://www.stockflowsystems.com/glossary/asset-controller-meaning","8","2205","0,36%","5,66"
"https://www.stockflowsystems.com/apps-for-restaurant-owners","5","3143","0,16%","11,41"
"https://www.stockflowsystems.com/stockflow-vs-zoho-inventory","5","2719","0,18%","5,08"
"https://www.stockflowsystems.com/voorraadbeheer-horeca","5","1560","0,32%","17,55"
"https://www.stockflowsystems.com/best-free-alternative-to-katana-mrp","5","1326","0,38%","8,56"
"https://www.stockflowsystems.com/warehouse-management-system","4","9386","0,04%","33,00"
"https://www.stockflowsystems.com/reorder-point-formula","4","2978","0,13%","51,66"
"https://www.stockflowsystems.com/handheld-inventory-scanners","4","1862","0,21%","26,61"
"https://www.stockflowsystems.com/automotive-warehouse-management-system","4","1669","0,24%","20,70"
"https://www.stockflowsystems.com/it-inventory-management-software-free","4","1292","0,31%","7,47"
"https://www.stockflowsystems.com/inventory-planning-software","3","4046","0,07%","31,65"
"https://www.stockflowsystems.com/how-to-perform-an-inventory-cycle-count","3","3147","0,10%","53,90"
"https://www.stockflowsystems.com/features","3","598","0,50%","9,14"
"https://www.stockflowsystems.com/non-profit-inventory-management-software","2","2557","0,08%","23,17"
"https://www.stockflowsystems.com/electrical-inventory-management","2","2071","0,10%","21,50"
"https://www.stockflowsystems.com/how-to-label-inventory","2","1116","0,18%","29,31"
"https://www.stockflowsystems.com/barcodes-vs-qr-codes-for-inventory-management","2","388","0,52%","12,26"
"https://www.stockflowsystems.com/stockflow-vs-odoo","2","189","1,06%","9,12"
"https://www.stockflowsystems.com/integrations","2","124","1,61%","5,11"
"https://www.stockflowsystems.com/track-inventory-free","2","78","2,56%","29,64"
"https://www.stockflowsystems.com/calculating-beginning-inventory","1","1570","0,06%","23,73"
"https://www.stockflowsystems.com/cold-storage-warehouse-management-system","1","824","0,12%","28,48"
"https://www.stockflowsystems.com/the-best-inventory-tracking-methods-for-businesses","1","589","0,17%","24,66"
"https://www.stockflowsystems.com/stockflow-vs-inflow","1","538","0,19%","7,66"
"https://www.stockflowsystems.com/stockflow-vs-cin7","1","499","0,20%","7,93"
"https://www.stockflowsystems.com/government-inventory-management-software","1","483","0,21%","13,37"
"https://www.stockflowsystems.com/hvac-inventory-management-software","1","257","0,39%","7,33"
"https://www.stockflowsystems.com/qr-codes-for-equipment-maintenance","1","231","0,43%","7,74"
"https://www.stockflowsystems.com/year-end-inventory","1","205","0,49%","15,84"
"https://www.stockflowsystems.com/stockflow-vs-unleashed","1","147","0,68%","10,25"
"https://www.stockflowsystems.com/inventory-forecasting-and-demand-planning-in-construction","1","120","0,83%","6,53"
"https://www.stockflowsystems.com/inventory-management-for-contractors","1","90","1,11%","24,56"
"https://www.stockflowsystems.com/why-ai-for-inventory-management-could-be-the-next-big-thing","1","84","1,19%","6,35"
"https://www.stockflowsystems.com/nl/beste-gratis-voorraad-software-met-barcode-scannen","1","76","1,32%","19,61"
"https://www.stockflowsystems.com/parts-inventory-management-best-practices","1","72","1,39%","8,47"
"https://www.stockflowsystems.com/customers","1","65","1,54%","3,75"
"https://www.stockflowsystems.com/inventory-photos","1","51","1,96%","5,92"
"https://stockflowsystems.com/9-must-have-inventory-control-software-features","1","50","2,00%","10,64"
"https://www.stockflowsystems.com/how-to-set-up-barcode-scanning-with-stockflow","1","24","4,17%","5,42"
"https://stockflowsystems.com/","1","17","5,88%","2,41"
"https://www.stockflowsystems.com/how-to-calculate-wholesale-price-sortly","1","10","10,00%","10,70"
"https://www.stockflowsystems.com/sku-vs-upc","1","4","25,00%","4,50"
"https://www.stockflowsystems.com/what-is-an-erp-system","1","3","33,33%","21,67"
"https://www.stockflowsystems.com/restaurant-inventory-management-software","0","2858","0,00%","12,59"
"https://www.stockflowsystems.com/how-do-you-categorize-inventory-items","0","2845","0,00%","3,41"
"https://www.stockflowsystems.com/best-inventory-management-software","0","1980","0,00%","62,75"
"https://www.stockflowsystems.com/what-is-a-stockout","0","1628","0,00%","49,29"
"https://www.stockflowsystems.com/inventory-formulas-and-ratios","0","1442","0,00%","2,52"
"https://www.stockflowsystems.com/how-to-inventory-your-tools","0","1391","0,00%","49,82"
"https://www.stockflowsystems.com/stockflow-vs-sortly","0","1149","0,00%","8,37"
"https://www.stockflowsystems.com/inventory-management-best-practices","0","1128","0,00%","58,64"
"https://www.stockflowsystems.com/retail-inventory-management","0","994","0,00%","32,88"
"https://www.stockflowsystems.com/how-much-does-inventory-software-cost","0","865","0,00%","4,23"
"https://www.stockflowsystems.com/purchase-requisition-software","0","865","0,00%","39,19"
"https://www.stockflowsystems.com/inventory-management-for-small-business-complete-guide","0","798","0,00%","10,69"
"https://stockflowsystems.com/inventory-analysis","0","725","0,00%","5,23"
"https://www.stockflowsystems.com/glossary/consignment-inventory","0","723","0,00%","58,41"
"https://www.stockflowsystems.com/medical-inventory-management","0","706","0,00%","41,19"
"https://www.stockflowsystems.com/stockflow-vs-lightspeed","0","639","0,00%","17,23"
"https://www.stockflowsystems.com/inventory-management-101","0","579","0,00%","2,99"
"https://www.stockflowsystems.com/how-to-manage-inventory-in-restaurants","0","545","0,00%","7,01"
"https://www.stockflowsystems.com/nl/stockbeheer-software","0","538","0,00%","32,64"
"https://www.stockflowsystems.com/how-to-optimize-mro-inventory","0","467","0,00%","30,22"
"https://www.stockflowsystems.com/nl/industries/voorraadbeheer-retail","0","440","0,00%","10,17"
"https://www.stockflowsystems.com/inventory-management-software-for-small-businesses","0","431","0,00%","14,87"
"https://www.stockflowsystems.com/what-is-a-good-inventory-turnover-ratio","0","414","0,00%","6,00"
"https://www.stockflowsystems.com/cycle-count","0","396","0,00%","39,42"
"https://www.stockflowsystems.com/how-to-choose-inventory-management-software","0","322","0,00%","27,04"
"https://www.stockflowsystems.com/nl/mobiel-voorraadbeheer","0","266","0,00%","13,56"
"https://www.stockflowsystems.com/migrating-from-excel-to-inventory-software","0","254","0,00%","5,64"
"https://www.stockflowsystems.com/nl/voorraadbeheer-magazijn","0","236","0,00%","32,19"
"https://www.stockflowsystems.com/supply-chain-trends","0","233","0,00%","66,21"
"https://www.stockflowsystems.com/nl/industries/voorraadbeheer-bouw","0","223","0,00%","28,86"
"https://www.stockflowsystems.com/perpetual-inventory-and-physical-inventory","0","220","0,00%","9,47"
"https://www.stockflowsystems.com/raw-materials-inventory","0","215","0,00%","5,09"
"https://www.stockflowsystems.com/what-is-a-gs1-barcode","0","209","0,00%","9,81"
"https://www.stockflowsystems.com/contractor-inventory-management","0","206","0,00%","47,66"
"https://www.stockflowsystems.com/inventory-management","0","205","0,00%","6,27"
"https://www.stockflowsystems.com/stockflow-vs-fishbowl","0","173","0,00%","5,31"
"https://www.stockflowsystems.com/stockflow-vs-dear-systems","0","163","0,00%","8,01"
"https://www.stockflowsystems.com/nl/beste-voorraadbeheer-software","0","156","0,00%","30,29"
"https://www.stockflowsystems.com/rfid-vs-nfc","0","155","0,00%","5,43"
"https://www.stockflowsystems.com/wholesaler-inventory-management","0","155","0,00%","41,50"
"https://www.stockflowsystems.com/best-free-alternative-to-fishbowl-inventory","0","150","0,00%","12,61"
"https://www.stockflowsystems.com/how-to-choose-inventory-software-for-small-business","0","149","0,00%","33,43"
"https://www.stockflowsystems.com/logistics-inventory-management-software","0","145","0,00%","31,04"
"https://www.stockflowsystems.com/enterprise-inventory-management","0","131","0,00%","32,32"
"https://www.stockflowsystems.com/best-stock-management-software","0","125","0,00%","46,82"
"https://www.stockflowsystems.com/glossary/inventory-optimization","0","124","0,00%","4,20"
"https://www.stockflowsystems.com/stockflow-vs-shipstation","0","119","0,00%","10,35"
"https://www.stockflowsystems.com/stockflow-vs-finale-inventory","0","114","0,00%","12,01"
"https://www.stockflowsystems.com/pharmaceutical-warehouse-management-system","0","97","0,00%","8,95"
"https://www.stockflowsystems.com/supplies-and-consumables-software","0","94","0,00%","20,03"
"https://www.stockflowsystems.com/nl/wat-is-de-beste-gratis-voorraadbeheer-software","0","88","0,00%","37,09"
"https://www.stockflowsystems.com/pricing","0","83","0,00%","2,49"
"https://www.stockflowsystems.com/inventory-analysis","0","83","0,00%","4,88"
"https://www.stockflowsystems.com/food-beverage-warehouse-management-system","0","82","0,00%","18,70"
"https://www.stockflowsystems.com/how-to-operate-an-a-school-inventory-management-system","0","82","0,00%","19,40"
"https://www.stockflowsystems.com/10-best-b2b-e-commerce-platforms","0","72","0,00%","10,17"
"https://www.stockflowsystems.com/importance-of-inventory-management-manufacturing","0","71","0,00%","28,93"
"https://www.stockflowsystems.com/alerts","0","67","0,00%","5,79"
"https://www.stockflowsystems.com/what-are-the-3-major-inventory-management-techniques","0","64","0,00%","7,94"
"https://www.stockflowsystems.com/hvac-inventory-management","0","62","0,00%","21,15"
"https://www.stockflowsystems.com/5-tips-to-improve-inventory-control","0","55","0,00%","37,91"
"https://www.stockflowsystems.com/blog/track-inventory-free","0","55","0,00%","43,33"
"https://www.stockflowsystems.com/the-future-of-qr-codes-what-lies-ahead-for-inventory-management","0","54","0,00%","6,37"
"https://www.stockflowsystems.com/inventory-management-bing","0","54","0,00%","16,22"
"https://www.stockflowsystems.com/stockflow-vs-quickbooks-commerce","0","53","0,00%","9,15"
"https://www.stockflowsystems.com/10-reasons-to-consider-cloud-based-inventory-management","0","51","0,00%","21,86"
"https://www.stockflowsystems.com/how-to-create-an-electrical-inventory-list","0","51","0,00%","57,88"
"https://www.stockflowsystems.com/nl/industries/voorraadbeheer-zorg","0","46","0,00%","16,24"
"https://www.stockflowsystems.com/cross-dock-warehouse","0","45","0,00%","56,27"
"https://www.stockflowsystems.com/ecommerce-inventory-management","0","42","0,00%","23,60"
"https://www.stockflowsystems.com/3pl-warehouse-management-system","0","41","0,00%","10,78"
"https://www.stockflowsystems.com/glossary/vendor-managed-stock","0","40","0,00%","5,25"
"https://www.stockflowsystems.com/stockflow-vs-fishbowl-inventory","0","40","0,00%","7,67"
"https://stockflowsystems.com/6-ways-qr-codes-will-boost-inventory-management","0","38","0,00%","6,47"
"https://stockflowsystems.com/10-most-common-inventory-management-mistakes-small-businesses","0","38","0,00%","7,26"
"https://www.stockflowsystems.com/6-ways-qr-codes-will-boost-inventory-management","0","37","0,00%","7,95"
"https://www.stockflowsystems.com/stockflow-vs-netsuite","0","36","0,00%","14,67"
"https://www.stockflowsystems.com/inventory-control-systems","0","35","0,00%","53,91"
"https://www.stockflowsystems.com/selecting-the-right-warehouse-management-system-wms-for-your-business","0","34","0,00%","5,91"
"https://stockflowsystems.com/blog","0","30","0,00%","5,37"
"https://www.stockflowsystems.com/how-do-upcs-barcodes-help-with-inventory-control","0","29","0,00%","6,24"
"https://www.stockflowsystems.com/stock-management-software","0","29","0,00%","7,31"
"https://www.stockflowsystems.com/woocommerce-inventory-management","0","29","0,00%","14,34"
"https://www.stockflowsystems.com/pharmacy-inventory-management-best-practices","0","29","0,00%","19,97"
"https://www.stockflowsystems.com/buffer-stock","0","25","0,00%","8,92"
"https://www.stockflowsystems.com/equipment-inventory-management-best-practices","0","25","0,00%","17,20"
"https://www.stockflowsystems.com/barcoding","0","25","0,00%","21,04"
"https://www.stockflowsystems.com/how-to-implement-a-barcode-system-in-a-warehouse","0","24","0,00%","30,17"
"https://www.stockflowsystems.com/stockflow-vs-katana","0","23","0,00%","6,43"
"https://stockflowsystems.com/barcode-inventory-system","0","23","0,00%","67,48"
"https://www.stockflowsystems.com/glossary/minimum-order-quantity","0","22","0,00%","15,00"
"https://www.stockflowsystems.com/how-do-you-organize-inventory","0","21","0,00%","8,48"
"https://www.stockflowsystems.com/help-center","0","21","0,00%","8,52"
"https://www.stockflowsystems.com/how-to-optimize-inventory-levels-in-construction","0","20","0,00%","6,70"
"https://www.stockflowsystems.com/multiple-location-inventory-management","0","19","0,00%","6,00"
"https://www.stockflowsystems.com/how-to-organize-a-stockroom","0","19","0,00%","14,79"
"https://www.stockflowsystems.com/how-to-store-construction-materials","0","18","0,00%","11,67"
"https://www.stockflowsystems.com/nl/voorraadbeheer-middelgrote-bedrijven","0","18","0,00%","20,17"
"https://stockflowsystems.com/what-is-inventory-shrinkage","0","17","0,00%","10,76"
"https://www.stockflowsystems.com/automated-order-management-systems-vs-manual-order-management","0","15","0,00%","8,73"
"https://www.stockflowsystems.com/inventory-turnover-ratio","0","15","0,00%","9,60"
"https://www.stockflowsystems.com/glossary","0","15","0,00%","15,00"
"https://www.stockflowsystems.com/perpetual-vs-physical-inventory","0","15","0,00%","21,13"
"https://www.stockflowsystems.com/inventory-barcode-system","0","14","0,00%","5,00"
"https://www.stockflowsystems.com/stockflow-vs-vend","0","14","0,00%","6,21"
"https://www.stockflowsystems.com/how-to-use-qr-codes-for-healthcare-inventory","0","14","0,00%","6,86"
"https://stockflowsystems.com/glossary/minimum-order-quantity","0","13","0,00%","24,77"
"https://www.stockflowsystems.com/cost-of-goods-formula","0","12","0,00%","1,58"
"https://www.stockflowsystems.com/wms-implementation","0","11","0,00%","5,00"
"https://www.stockflowsystems.com/year-end-checklist-for-small-business","0","11","0,00%","5,73"
"https://www.stockflowsystems.com/10-most-common-inventory-management-mistakes-small-businesses","0","11","0,00%","9,82"
"https://www.stockflowsystems.com/erp-lite-for-e-commerce","0","10","0,00%","7,70"
"https://www.stockflowsystems.com/4-inventory-accounting-methods-for-inventory-valuation","0","10","0,00%","8,70"
"https://stockflowsystems.com/how-to-operate-an-a-school-inventory-management-system","0","10","0,00%","10,70"
"https://www.stockflowsystems.com/ultimate-guide-to-multi-echelon-inventory-optimization","0","10","0,00%","24,70"
"https://www.stockflowsystems.com/construction-material-cost","0","10","0,00%","43,30"
"https://www.stockflowsystems.com/stockflow-vs-spreadsheets","0","9","0,00%","8,33"
"https://www.stockflowsystems.com/customers/sophie-martens","0","9","0,00%","11,22"
"https://www.stockflowsystems.com/plumbing-inventory-list","0","9","0,00%","13,78"
"https://www.stockflowsystems.com/tracking-large-inventory-quantities","0","9","0,00%","14,33"
"https://www.stockflowsystems.com/how-do-you-control-inventory","0","9","0,00%","20,11"
"https://www.stockflowsystems.com/inventory-financing-6-things-to-know-before-you-apply","0","9","0,00%","29,56"
"https://www.stockflowsystems.com/reduce-human-error-in-the-workplace","0","9","0,00%","49,56"
"https://www.stockflowsystems.com/stock-control-software","0","8","0,00%","5,00"
"https://www.stockflowsystems.com/best-barcode-scanner","0","8","0,00%","8,25"
"https://www.stockflowsystems.com/what-is-the-best-software-for-inventory-management","0","8","0,00%","9,25"
"https://www.stockflowsystems.com/warehouse-management","0","8","0,00%","11,25"
"https://www.stockflowsystems.com/ai-and-automation","0","7","0,00%","5,71"
"https://www.stockflowsystems.com/what-is-demand-forecasting","0","7","0,00%","6,57"
"https://stockflowsystems.com/hvac-inventory-management","0","7","0,00%","9,29"
"https://www.stockflowsystems.com/best-cloud-based-warehouse-automation-software","0","7","0,00%","16,86"
"https://www.stockflowsystems.com/business-growth-stages-overview","0","6","0,00%","2,67"
"https://www.stockflowsystems.com/qr-code-security-risks-and-solutions","0","6","0,00%","3,83"
"https://www.stockflowsystems.com/intro-wireless-barcode-scanner","0","6","0,00%","4,50"
"https://www.stockflowsystems.com/fifo-vs-lifo","0","6","0,00%","6,00"
"https://www.stockflowsystems.com/benefits-of-construction-inventory-management","0","6","0,00%","8,00"
"https://www.stockflowsystems.com/customers/laura-peeters","0","6","0,00%","17,67"
"https://www.stockflowsystems.com/e-invoice-eu-regulations","0","6","0,00%","25,17"
"https://www.stockflowsystems.com/ecommerce-warehouse-management-system","0","6","0,00%","25,83"
"https://www.stockflowsystems.com/assets-inventory","0","6","0,00%","43,33"
"https://www.stockflowsystems.com/how-to-order-inventory","0","5","0,00%","3,80"
"https://www.stockflowsystems.com/expert-tips-for-organizing-holiday-decorations","0","5","0,00%","4,40"
"https://www.stockflowsystems.com/strategies-to-strengthen-your-supply-chain","0","5","0,00%","5,20"
"https://stockflowsystems.com/3-ways-barcodes-and-qr-codes-reduce-human-error","0","5","0,00%","5,40"
"https://www.stockflowsystems.com/restaurant-supply-list","0","5","0,00%","5,60"
"https://www.stockflowsystems.com/blog","0","5","0,00%","5,80"
"https://www.stockflowsystems.com/nl/voorraadbeheer-kleine-ondernemingen","0","5","0,00%","5,80"
"https://www.stockflowsystems.com/auto-parts-inventory-management-system-drives-down-costs","0","5","0,00%","6,40"
"https://www.stockflowsystems.com/manufacturing","0","5","0,00%","8,20"
"https://www.stockflowsystems.com/how-to-improve-inventory-control","0","5","0,00%","9,20"
"https://www.stockflowsystems.com/ecommerce-returns-management","0","5","0,00%","9,40"
"https://www.stockflowsystems.com/difference-between-oem-vs-odm","0","5","0,00%","11,20"
"https://www.stockflowsystems.com/bar-inventory-management","0","5","0,00%","13,40"
"https://www.stockflowsystems.com/6-inventory-tracking-methods-for-construction-professionals","0","5","0,00%","19,20"
"https://www.stockflowsystems.com/supply-chain-inventory-management","0","5","0,00%","24,40"
"https://www.stockflowsystems.com/vendor-managed-inventory-vmi","0","5","0,00%","25,40"
"https://www.stockflowsystems.com/the-complete-guide-to-medical-device-inventory-management","0","5","0,00%","39,80"
"https://www.stockflowsystems.com/how-to-store-medical-supplies","0","5","0,00%","48,20"
"https://www.stockflowsystems.com/how-to-track-raw-materials","0","4","0,00%","1,75"
"https://www.stockflowsystems.com/how-to-create-a-purchase-order","0","4","0,00%","2,25"
"https://www.stockflowsystems.com/warehouse-automation","0","4","0,00%","2,50"
"https://www.stockflowsystems.com/upc-barcode-generator","0","4","0,00%","3,50"
"https://www.stockflowsystems.com/material-requirements-planning-mrp-software","0","4","0,00%","5,00"
"https://www.stockflowsystems.com/warehouse-software","0","4","0,00%","6,00"
"https://www.stockflowsystems.com/glossary/just-in-time-inventory","0","4","0,00%","8,00"
"https://www.stockflowsystems.com/5-elements-of-an-optimized-inventory-management-system","0","4","0,00%","8,25"
"https://www.stockflowsystems.com/customers/anke-willems","0","4","0,00%","13,25"
"https://www.stockflowsystems.com/healthcare-clinics-stopped-over-ordering-wrong-supplies","0","4","0,00%","23,75"
"https://www.stockflowsystems.com/bill-of-material-management-software-free","0","3","0,00%","1,00"
"https://www.stockflowsystems.com/why-an-official-gs1-barcode-matters","0","3","0,00%","2,67"
"https://www.stockflowsystems.com/reorder-point-formula-safety-stock","0","3","0,00%","3,67"
"https://www.stockflowsystems.com/b2b2c-model-for-your-business","0","3","0,00%","4,67"
"https://www.stockflowsystems.com/how-partnering-with-a-3pl-company-can-help-cut-your-logistics-costs","0","3","0,00%","6,00"
"https://www.stockflowsystems.com/12-money-making-garage-sale-tips","0","3","0,00%","6,33"
"https://www.stockflowsystems.com/digital-supply-chain-tools-uk-smes","0","3","0,00%","6,33"
"https://www.stockflowsystems.com/top-5-challenges-in-interior-design-today","0","3","0,00%","7,00"
"https://www.stockflowsystems.com/cost-of-goods-manufactured-formula","0","3","0,00%","7,67"
"https://www.stockflowsystems.com/free-asset-tracking-spreadsheet","0","3","0,00%","7,67"
"https://www.stockflowsystems.com/how-do-small-businesses-organize-their-inventory","0","3","0,00%","7,67"
"https://www.stockflowsystems.com/supply-chain-resilience-strategies","0","3","0,00%","8,00"
"https://www.stockflowsystems.com/variants-lot-numbers-beta-zapier-improvements","0","3","0,00%","8,00"
"https://www.stockflowsystems.com/7-core-benefits-of-ai-powered-supply-chains","0","3","0,00%","8,67"
"https://www.stockflowsystems.com/end-to-end-manufacturing","0","3","0,00%","9,00"
"https://www.stockflowsystems.com/why-your-offline-business-needs-an-online-store","0","3","0,00%","10,00"
"https://stockflowsystems.com/how-to-store-construction-materials","0","3","0,00%","10,33"
"https://www.stockflowsystems.com/track-units-of-measurement-uom","0","3","0,00%","13,00"
"https://www.stockflowsystems.com/excel-inventory-template","0","3","0,00%","17,67"
"https://stockflowsystems.com/how-to-manage-inventory-in-restaurants","0","3","0,00%","27,67"
"https://www.stockflowsystems.com/glossary/inventory-automation","0","3","0,00%","40,33"
"https://www.stockflowsystems.com/why-your-business-should-use-supply-chain-visibility","0","3","0,00%","52,00"
"https://www.stockflowsystems.com/supply-chain-automation","0","2","0,00%","1,00"
"https://www.stockflowsystems.com/avoid-inventory-mistakes","0","2","0,00%","2,50"
"https://www.stockflowsystems.com/work-in-process-inventory-guide","0","2","0,00%","2,50"
"https://www.stockflowsystems.com/amazon-fnsku-barcode","0","2","0,00%","4,00"
"https://www.stockflowsystems.com/eu-ai-act-small-business-compliance","0","2","0,00%","4,00"
"https://www.stockflowsystems.com/how-to-optimize-multi-channel-inventory-management-for-e-commerce-growth","0","2","0,00%","4,00"
"https://www.stockflowsystems.com/seasonal-inventory-planning","0","2","0,00%","4,50"
"https://www.stockflowsystems.com/6-inventory-management-tips-when-times-are-tight","0","2","0,00%","5,50"
"https://www.stockflowsystems.com/inventory-management-purpose","0","2","0,00%","6,50"
"https://www.stockflowsystems.com/key-differences-between-vendors-and-suppliers","0","2","0,00%","6,50"
"https://www.stockflowsystems.com/nl/gratis-stuklijst-software","0","2","0,00%","7,00"
"https://www.stockflowsystems.com/selling-your-collectibles-for-profit","0","2","0,00%","7,00"
"https://www.stockflowsystems.com/shamrock-moving-storage","0","2","0,00%","7,50"
"https://www.stockflowsystems.com/10-business-success-apps","0","2","0,00%","8,50"
"https://www.stockflowsystems.com/calculating-raw-materials-inventory","0","2","0,00%","8,50"
"https://www.stockflowsystems.com/nl/voorraadomzetsnelheid","0","2","0,00%","9,50"
"https://www.stockflowsystems.com/3-best-inventory-new-years-resolutions","0","2","0,00%","10,00"
"https://www.stockflowsystems.com/3-ways-barcodes-and-qr-codes-reduce-human-error","0","2","0,00%","12,00"
"https://stockflowsystems.com/how-do-you-set-up-an-inventory-system","0","2","0,00%","12,50"
"https://stockflowsystems.com/asset-tracking-101","0","2","0,00%","17,50"
"https://www.stockflowsystems.com/how-to-calculate-retail-price","0","2","0,00%","21,50"
"https://www.stockflowsystems.com/what-is-cross-docking-benefits-and-types","0","2","0,00%","22,50"
"https://www.stockflowsystems.com/anticipation-inventory","0","2","0,00%","23,00"
"https://www.stockflowsystems.com/inventory-forecasting-software","0","2","0,00%","28,50"
"https://www.stockflowsystems.com/5-metrics-for-managing-your-inventory","0","2","0,00%","29,50"
"https://www.stockflowsystems.com/periodic-inventory-system","0","2","0,00%","41,00"
"https://www.stockflowsystems.com/materials-management","0","2","0,00%","60,50"
"https://www.stockflowsystems.com/barcodes-for-manufacturing","0","1","0,00%","1,00"
"https://www.stockflowsystems.com/nl/industries/voorraadbeheer-ecommerce","0","1","0,00%","1,00"
"https://www.stockflowsystems.com/surplus-inventory-liquidation","0","1","0,00%","1,00"
"https://www.stockflowsystems.com/what-is-inventory-shrinkage","0","1","0,00%","1,00"
"https://www.stockflowsystems.com/amazon-fba-small-business","0","1","0,00%","2,00"
"https://www.stockflowsystems.com/generate-barcodes-in-excel","0","1","0,00%","2,00"
"https://www.stockflowsystems.com/what-is-mrp","0","1","0,00%","2,00"
"https://www.stockflowsystems.com/avoiding-errors-in-inventory-debit-and-credit-entries","0","1","0,00%","3,00"
"https://www.stockflowsystems.com/nl/industries/voorraadbeheer-horeca","0","1","0,00%","3,00"
"https://www.stockflowsystems.com/what-is-dead-stock","0","1","0,00%","3,00"
"https://www.stockflowsystems.com/automated-inventory-management-software","0","1","0,00%","4,00"
"https://www.stockflowsystems.com/inventory-list-template-free-download","0","1","0,00%","4,00"
"https://www.stockflowsystems.com/types-of-inventory-you-should-know","0","1","0,00%","4,00"
"https://www.stockflowsystems.com/warehouse-material-handling","0","1","0,00%","4,00"
"https://www.stockflowsystems.com/5-best-ways-to-attract-customers-to-your-retail-shop","0","1","0,00%","5,00"
"https://www.stockflowsystems.com/case-study-hooked-on-solar","0","1","0,00%","5,00"
"https://www.stockflowsystems.com/4-small-resources-to-simplify-small-business","0","1","0,00%","6,00"
"https://www.stockflowsystems.com/how-to-improve-manufacturing-process","0","1","0,00%","6,00"
"https://www.stockflowsystems.com/inventory-in-balance-sheet","0","1","0,00%","6,00"
"https://www.stockflowsystems.com/nl/voorraadbeheer-onderhoud","0","1","0,00%","6,00"
"https://www.stockflowsystems.com/reporting","0","1","0,00%","6,00"
"https://www.stockflowsystems.com/types-of-equipment-maintenance","0","1","0,00%","6,00"
"https://www.stockflowsystems.com/what-is-procurement","0","1","0,00%","6,00"
"https://www.stockflowsystems.com/asset-tracking-101","0","1","0,00%","7,00"
"https://www.stockflowsystems.com/biggest-f-and-b-market-trends-in-2025","0","1","0,00%","7,00"
"https://www.stockflowsystems.com/drop-shipping-inventory-management","0","1","0,00%","7,00"
"https://www.stockflowsystems.com/free-barcode-font-code-39-3-of-9","0","1","0,00%","7,00"
"https://www.stockflowsystems.com/get-rid-of-obsolete-parts","0","1","0,00%","7,00"
"https://www.stockflowsystems.com/supply-chain-resilience-strategy-build-and-measure","0","1","0,00%","7,00"
"https://www.stockflowsystems.com/how-to-buy-in-bulk-for-business","0","1","0,00%","8,00"
"https://www.stockflowsystems.com/how-to-manage-your-q4-cash-flow","0","1","0,00%","8,00"
"https://www.stockflowsystems.com/order-processing-in-supply-chain-management","0","1","0,00%","8,00"
"https://www.stockflowsystems.com/how-to-invoice-your-electrical-customers-free-template","0","1","0,00%","9,00"
"https://www.stockflowsystems.com/inventory-cycle-count","0","1","0,00%","9,00"
"https://www.stockflowsystems.com/inventory-for-hospitality","0","1","0,00%","9,00"
"https://www.stockflowsystems.com/operational-efficiency-in-manufacturing","0","1","0,00%","9,00"
"https://stockflowsystems.com/inventory-photos","0","1","0,00%","10,00"
"https://stockflowsystems.com/what-is-a-stockout","0","1","0,00%","10,00"
"https://www.stockflowsystems.com/hospital-supply-chain-management-best-practices","0","1","0,00%","10,00"
"https://www.stockflowsystems.com/is-just-in-time-inventory-management-a-thing-of-the-past","0","1","0,00%","10,00"
"https://www.stockflowsystems.com/lpn-barcodes","0","1","0,00%","10,00"
"https://www.stockflowsystems.com/nl/voorraadbeheer-assets","0","1","0,00%","10,00"
"https://www.stockflowsystems.com/why-your-accountant-appreciates-using-an-ims","0","1","0,00%","11,00"
"https://www.stockflowsystems.com/best-event-planning-apps","0","1","0,00%","12,00"
"https://www.stockflowsystems.com/how-ai-can-help-inventory-inefficiency","0","1","0,00%","12,00"
"https://www.stockflowsystems.com/blog-inventory-tracking","0","1","0,00%","13,00"
"https://www.stockflowsystems.com/nl/voorraadbeheer-non-profit","0","1","0,00%","15,00"
"https://www.stockflowsystems.com/environmental-inventory-management-software","0","1","0,00%","18,00"
"https://www.stockflowsystems.com/inventory-management-rules","0","1","0,00%","19,00"
"https://www.stockflowsystems.com/what-is-sell-through-rate-heres-why-it-matters-for-your-business","0","1","0,00%","42,00"
"https://www.stockflowsystems.com/how-to-record-asset-depreciation","0","1","0,00%","48,00"
"https://www.stockflowsystems.com/what-is-lifo-last-in-first-out-inventory-method-101","0","1","0,00%","52,00"
"https://stockflowsystems.com/ecommerce-inventory-management","0","1","0,00%","89,00"
"https://www.stockflowsystems.com/nl/industries/voorraadbeheer-manufacturing","0","1","0,00%","96,00"
